{"Sewanee-University of the South":{"rank":91,"cost":46530,"size":1557,"location":[35.2050177,-85.9208646]},"Bowdoin College":{"rank":20,"cost":58200,"size":1778,"location":[43.9067324,-69.96379329999999]},"Lehigh University":{"rank":70,"cost":55515,"size":7055,"location":[40.6069087,-75.37828320000001]},"Reed College":{"rank":65,"cost":57770,"size":1474,"location":[45.4805713,-122.6300908]},"Stanford University":{"rank":1,"cost":58846,"size":19945,"location":[37.4274745,-122.169719]},"Wellesley College":{"rank":23,"cost":57164,"size":2502,"location":[42.2935733,-71.30592779999999]},"Harvard University":{"rank":8,"cost":57050,"size":27392,"location":[42.3770029,-71.11666009999999]},"Brigham Young University":{"rank":75,"cost":17470,"size":34101,"location":[40.2518429,-111.6493177]},"Colby College":{"rank":49,"cost":57300,"size":1815,"location":[44.5639334,-69.66209649999999]},"University of Maryland, College Park":{"rank":73,"cost":41725,"size":37631,"location":[38.9869367,-76.9428679]},"University of Washington":{"rank":55,"cost":43621,"size":42444,"location":[47.65533509999999,-122.3035199]},"University of Wisconsin, Madison":{"rank":68,"cost":40012,"size":41946,"location":[43.076592,-89.4124875]},"United States Military Academy":{"rank":7,"cost":0,"size":4624,"location":[41.3918372,-73.9625033]},"New York University":{"rank":56,"cost":61407,"size":43911,"location":[40.72951339999999,-73.9964609]},"Whitman College":{"rank":62,"cost":54865,"size":1596,"location":[46.0715857,-118.3298993]},"Oberlin College":{"rank":50,"cost":59683,"size":2978,"location":[41.2945302,-82.2209457]},"Lafayette College":{"rank":48,"cost":57688,"size":2478,"location":[40.6998781,-75.2079449]},"Johns Hopkins University":{"rank":46,"cost":58980,"size":20996,"location":[39.3249281,-76.62335379999999]},"College of the Holy Cross":{"rank":71,"cost":56730,"size":2905,"location":[42.2378888,-71.80524640000002]},"Georgetown University":{"rank":26,"cost":59900,"size":17130,"location":[38.9076089,-77.07225849999999]},"Santa Clara University":{"rank":72,"cost":57681,"size":8800,"location":[37.3498011,-121.939461]},"University of Pennsylvania":{"rank":11,"cost":59600,"size":24832,"location":[39.9522188,-75.1932137]},"Barnard College":{"rank":54,"cost":59824,"size":2438,"location":[40.8093953,-73.96338399999999]},"Kenyon College":{"rank":69,"cost":57910,"size":1658,"location":[40.3768328,-82.3965928]},"Bryn Mawr College":{"rank":40,"cost":57586,"size":1785,"location":[40.0266576,-75.31439019999999]},"Colorado College":{"rank":76,"cost":54350,"size":2043,"location":[38.8484298,-104.8228753]},"Princeton University":{"rank":3,"cost":54780,"size":7813,"location":[40.3439888,-74.6514481]},"Vassar College":{"rank":27,"cost":59320,"size":2386,"location":[41.686662,-73.894944]},"Haverford College":{"rank":43,"cost":59654,"size":1198,"location":[40.0078604,-75.3062377]},"Carleton College":{"rank":45,"cost":58275,"size":2018,"location":[44.461333,-93.1556063]},"Smith College":{"rank":59,"cost":57913,"size":3162,"location":[42.31809570000001,-72.6372341]},"Davidson College":{"rank":32,"cost":54930,"size":1755,"location":[35.502229,-80.847465]},"Wake Forest University":{"rank":60,"cost":58260,"size":7351,"location":[36.1298424,-80.2814496]},"Colgate University":{"rank":36,"cost":57745,"size":2964,"location":[42.8173737,-75.5392442]},"Massachusetts Institute of Technology":{"rank":10,"cost":57010,"size":10894,"location":[42.360091,-71.09416]},"United States Air Force Academy":{"rank":31,"cost":0,"size":4413,"location":[38.9905556,-104.8605556]},"University of Virginia":{"rank":29,"cost":51337,"size":24297,"location":[38.0335529,-78.5079772]},"Tufts University":{"rank":25,"cost":58800,"size":10777,"location":[42.4074843,-71.1190229]},"University of Southern California":{"rank":63,"cost":59883,"size":38010,"location":[34.0223519,-118.285117]},"Boston College":{"rank":35,"cost":58686,"size":14754,"location":[42.3355488,-71.16849450000001]},"Cooper Union":{"rank":67,"cost":53895,"size":988,"location":[35.133938,-89.99041199999999]},"Carnegie Mellon University":{"rank":42,"cost":59710,"size":11531,"location":[40.4424925,-79.9425528]},"Grinnell College":{"rank":64,"cost":53318,"size":1693,"location":[41.74922129999999,-92.719748]},"Williams College":{"rank":9,"cost":59412,"size":2126,"location":[42.7134709,-73.2049942]},"University of California, Berkeley":{"rank":22,"cost":55766,"size":36137,"location":[37.8739132,-122.2505629]},"University of Florida":{"rank":74,"cost":42290,"size":49589,"location":[29.64526399999999,-82.34639399999999]},"College of William and Mary":{"rank":44,"cost":49712,"size":8200,"location":[37.2723284,-76.71690319999999]},"Amherst College":{"rank":13,"cost":59060,"size":1791,"location":[42.3709104,-72.5170028]},"Middlebury College":{"rank":41,"cost":59200,"size":2507,"location":[44.009114,-73.1788802]},"Vanderbilt University":{"rank":37,"cost":59890,"size":12836,"location":[36.1443747,-86.8027437]},"Rice University":{"rank":33,"cost":52242,"size":6224,"location":[29.7173941,-95.40183119999999]},"Dartmouth College":{"rank":16,"cost":61398,"size":6144,"location":[43.7044406,-72.2886934]},"Pomona College":{"rank":2,"cost":57014,"size":1586,"location":[34.097619,-117.7124122]},"Swarthmore College":{"rank":6,"cost":58481,"size":1545,"location":[39.90652,-75.35199]},"Brandeis University":{"rank":51,"cost":59050,"size":5828,"location":[42.3654347,-71.258595]},"University of Chicago":{"rank":14,"cost":62425,"size":14979,"location":[41.879185,-87.6311769]},"Brown University":{"rank":12,"cost":58140,"size":8768,"location":[41.8267175,-71.4025625]},"Columbia University":{"rank":5,"cost":61540,"size":26050,"location":[40.8075355,-73.9625727]},"University of Texas, Austin":{"rank":66,"cost":48730,"size":51112,"location":[30.2878975,-97.72772619999999]},"Harvey Mudd College":{"rank":52,"cost":60613,"size":784,"location":[34.1058662,-117.7104431]},"Northwestern University":{"rank":17,"cost":60840,"size":20959,"location":[42.0539102,-87.6748758]},"California Institute of Technology":{"rank":18,"cost":56382,"size":2231,"location":[34.1376576,-118.125269]},"Wesleyan University":{"rank":39,"cost":61167,"size":3202,"location":[41.5566104,-72.65690409999999]},"Washington and Lee University":{"rank":21,"cost":56616,"size":2193,"location":[37.7915097,-79.44451389999999]},"University of Rochester":{"rank":61,"cost":59156,"size":10290,"location":[43.1305531,-77.6260033]},"Cornell University":{"rank":19,"cost":59591,"size":21131,"location":[42.4534492,-76.4735027]},"Yale University":{"rank":4,"cost":59320,"size":11875,"location":[41.3163244,-72.92234309999999]},"Hamilton College":{"rank":47,"cost":57420,"size":1864,"location":[43.0530933,-75.40891540000001]},"University of Notre Dame":{"rank":24,"cost":57805,"size":12004,"location":[41.7052193,-86.2353067]},"University of Michigan, Ann Arbor":{"rank":30,"cost":51976,"size":42716,"location":[42.2780584,-83.73822589999999]},"Duke University":{"rank":15,"cost":59528,"size":15427,"location":[36.0014258,-78.9382286]},"University of Illinois, Urbana-Champaign":{"rank":53,"cost":42706,"size":44407,"location":[40.1019523,-88.2271615]},"University of California, Los Angeles":{"rank":34,"cost":54810,"size":39271,"location":[34.068921,-118.4451812]},"George Washington University":{"rank":77,"cost":58985,"size":25260,"location":[38.9007683,-77.0474734]},"University of North Carolina, Chapel Hill":{"rank":38,"cost":43847,"size":29137,"location":[35.7748764,-78.95145099999999]},"Villanova University":{"rank":79,"cost":56583,"size":10661,"location":[40.0349011,-75.33735039999999]},"Union College":{"rank":58,"cost":58100,"size":2220,"location":[42.8177427,-73.9305222]},"United States Naval Academy":{"rank":28,"cost":0,"size":4576,"location":[38.98364830000001,-76.48233499999999]},"Trinity College":{"rank":78,"cost":59865,"size":2393,"location":[41.74707799999999,-72.690375]},"Washington University in Saint Louis":{"rank":57,"cost":60345,"size":13908,