{"Hampden—Sydney College":{"rank":97,"cost":37352,"size":1080,"rate":55.6,"location":[37.24103900000001,-78.46098599999999]},"Claremont McKenna College":{"rank":9,"cost":45625,"size":1295,"rate":13.6,"location":[34.1011544,-117.7058138]},"Vassar College":{"rank":13,"cost":47890,"size":2406,"rate":22.8,"location":[41.686662,-73.894944]},"Swarthmore College":{"rank":3,"cost":44718,"size":1552,"rate":14.2,"location":[39.90652,-75.35199]},"Williams College":{"rank":1,"cost":46600,"size":2106,"rate":17,"location":[42.7134709,-73.2049942]},"Pomona College":{"rank":4,"cost":43580,"size":1607,"rate":13,"location":[34.097619,-117.7124122]},"Wellesley College":{"rank":7,"cost":43554,"size":2481,"rate":30.1,"location":[42.2935733,-71.30592779999999]},"Carleton College":{"rank":7,"cost":46167,"size":2055,"rate":25.6,"location":[44.461333,-93.1556063]},"Amherst College":{"rank":2,"cost":46574,"size":1817,"rate":13,"location":[42.3709104,-72.5170028]},"Hamilton College":{"rank":14,"cost":46080,"size":1884,"rate":27.2,"location":[43.0530933,-75.40891540000001]},"Union College":{"rank":41,"cost":46785,"size":2241,"rate":38.2,"location":[42.8177427,-73.9305222]},"United States Naval Academy":{"rank":12,"cost":0,"size":4536,"rate":6.8,"location":[38.98364830000001,-76.48233499999999]},"Bowdoin College":{"rank":4,"cost":45446,"size":1839,"rate":15.8,"location":[43.9067324,-69.96379329999999]},"Middlebury College":{"rank":4,"cost":45314,"size":2516,"rate":17.2,"location":[44.009114,-73.1788802]},"Davidson College":{"rank":9,"cost":42849,"size":1790,"rate":24.8,"location":[35.502229,-80.847465]},"Wesleyan University":{"rank":17,"cost":46944,"size":3262,"rate":20.9,"location":[41.5566104,-72.65690409999999]},"Macalester College":{"rank":24,"cost":45388,"size":2070,"rate":36.7,"location":[44.93913999999999,-93.1685031]},"Smith College":{"rank":20,"cost":43114,"size":3212,"rate":42.4,"location":[42.31809570000001,-72.6372341]},"Haverford College":{"rank":9,"cost":45426,"size":1205,"rate":22.9,"location":[40.0078604,-75.3062377]},"Pitzer College":{"rank":35,"cost":43402,"size":1084,"rate":15.7,"location":[34.1040806,-117.7043475]},"College of the Holy Cross":{"rank":25,"cost":44272,"size":2926,"rate":33.5,"location":[42.2378888,-71.80524640000002]},"Washington and Lee University":{"rank":14,"cost":44507,"size":2302,"rate":19.5,"location":[37.7915097,-79.44451389999999]},"Colorado College":{"rank":31,"cost":44222,"size":2026,"rate":23,"location":[38.8484298,-104.8228753]},"Colgate University":{"rank":20,"cost":46380,"size":2886,"rate":29.4,"location":[42.8173737,-75.5392442]},"Bates College":{"rank":22,"cost":45650,"size":1753,"rate":26.6,"location":[44.1055962,-70.2031861]},"University of Richmond":{"rank":25,"cost":45320,"size":3626,"rate":30.3,"location":[37.5739607,-77.53961369999999]},"Lafayette College":{"rank":36,"cost":43970,"size":2488,"rate":34.5,"location":[40.6998781,-75.2079449]},"Gustavus Adolphus College":{"rank":76,"cost":39060,"size":2524,"rate":63.4,"location":[44.3240246,-93.9706135]},"Berea College":{"rank":76,"cost":1070,"size":1658,"rate":31.8,"location":[37.5722323,-84.2898841]},"Connecticut College":{"rank":45,"cost":46085,"size":1933,"rate":35.9,"location":[41.3786877,-72.1045869]},"Trinity College":{"rank":36,"cost":47510,"size":2387,"rate":33.7,"location":[41.74707799999999,-72.690375]},"Colby College":{"rank":22,"cost":45760,"size":1863,"rate":29,"location":[44.5639334,-69.66209649999999]},"Harvey Mudd College":{"rank":16,"cost":46509,"size":783,"rate":19.2,"location":[34.1058662,-117.7104431]},"Bucknell University":{"rank":32,"cost":46902,"size":3618,"rate":27,"location":[40.95459,-76.8873024]},"Mount Holyoke College":{"rank":38,"cost":41456,"size":2344,"rate":42.1,"location":[42.2567291,-72.5757671]},"Bard College":{"rank":38,"cost":46370,"size":2322,"rate":35.2,"location":[42.0224313,-73.9065313]},"Oberlin College":{"rank":25,"cost":46870,"size":2944,"rate":31.3,"location":[41.2945302,-82.2209457]},"Barnard College":{"rank":32,"cost":44790,"size":2504,"rate":22.6,"location":[40.8093953,-73.96338399999999]},"Scripps College":{"rank":25,"cost":45564,"size":962,"rate":32.4,"location":[34.1033572,-117.7114587]},"Whitman College":{"rank":41,"cost":43500,"size":1539,"rate":48.6,"location":[46.0715857,-118.3298993]},"United States Military Academy":{"rank":17,"cost":0,"size":4592,"rate":9,"location":[41.3918372,-73.9625033]},"DePauw University":{"rank":54,"cost":40640,"size":2336,"rate":61.5,"location":[39.640397,-86.861622]},"Grinnell College":{"rank":17,"cost":43656,"size":1674,"rate":36.3,"location":[41.74922129999999,-92.719748]},"Beloit College":{"rank":59,"cost":41250,"size":1359,"rate":67.1,"location":[42.5030334,-89.030906]},"Bryn Mawr College":{"rank":30,"cost":43900,"size":1774,"rate":41.4,"location":[40.0266576,-75.31439019999999]},"United States Air Force Academy":{"rank":25,"cost":0,"size":4120,"rate":9.9,"location":[38.9983573,-104.8617533]},"Denison University":{"rank":50,"cost":43910,"size":2336,"rate":49.5,"location":[40.0740253,-82.52264249999999]},"Earlham College":{"rank":65,"cost":41450,"size":1211,"rate":74.9,"location":[39.823941,-84.913241]},"Kenyon College":{"rank":32,"cost":45640,"size":1667,"rate":36,"location":[40.3768328,-82.3965928]},"Wheaton College":{"rank":65,"cost":45074,"size":1616,"rate":64.3,"location":[41.8685135,-88.09960199999999]},"Illinois Wesleyan University":{"rank":65,"cost":39316,"size":2013,"rate":59.5,"location":[40.4909408,-88.9902736]},"Occidental College":{"rank":41,"cost":46270,"size":2178,"rate":39.4,"location":[34.126615,-118.212392]},"College of Wooster":{"rank":65,"cost":41680,"size":2080,"rate":58.1,"location":[40.8110565,-81.9335997]},"Rhodes College":{"rank":54,"cost":39794,"size":1927,"rate":54.6,"location":[35.15274770000001,-89.99262689999999]},"Transylvania University":{"rank":76,"cost":31560,"size":1074,"rate":84.9,"location":[38.0527604,-84.4936221]},"Franklin and Marshall College":{"rank":45,"cost":46285,"size":2365,"rate":39.3,"location":[40.04748,-76.31791299999999]},"Austin College":{"rank":82,"cost":33830,"size":1260,"rate":59.1,"location":[33.64626,-96.594854]},"Wofford College":{"rank":65,"cost":35515,"size":1588,"rate":62.7,"location":[34.9588759,-81.934516]},"Allegheny College":{"rank":82,"cost":39100,"size":2140,"rate":63.3,"location":[41.649349,-80.1449494]},"Soka University of America":{"rank":41,"cost":29092,"size":438,"rate":45.8,"location":[33.5549818,-117.7348611]},"St. Mary's College":{"rank":76,"cost":34600,"size":1469,"rate":84.8,"location":[37.841201,-122.108703]},"Sewanee—​University of the South":{"rank":38,"cost":35756,"size":1557,"rate":58.8,"location":[35.2031373,-85.9210899]},"St. John's University":{"rank":76,"cost":37167,"size":1983,"rate":74.8,"location":[40.7154084,-74.0126713]},"Centre College":{"rank":49,"cost":36000,"size":1344,"rate":69.6,"location":[41.832648,-71.3603129]},"Skidmore College":{"rank":45,"cost":45724,"size":2689,"rate":41.9,"location":[43.0961489,-73.7817705]},"Furman University":{"rank":52,"cost":43164,"size":2915,"rate":77.5,"location":[34.9245893,-82.43913669999999]},"Dickinson College":{"rank":45,"cost":46094,"size":2386,"rate":40.2,"location":[40.20255179999999,-77.1978826]},"Kalamazoo College":{"rank":61,"cost":37810,"size":1379,"rate":69,"location":[42.2903036,-85.6018965]},"Willamette University":{"rank":61,"cost":42305,"size":2933,"rate":60.4,"location":[44.9371219,-123.0318004]},"St. Olaf College":{"rank":52,"cost":40700,"size":3176,"rate":60.4,"location":[44.461154,-93.1836963]},"Lawrence University":{"rank":59,"cost":41226,"size":1525,"rate":76.2,"location":[44.2615753,-88.3979663]},"Wabash College":{"rank":57,"cost":35650,"size":906,"rate":67,"location":[40.0351229,-86.90709110000002]},"Spelman College":{"rank":65,"cost":24634,"size":2145,"rate":38,"location":[33.7449636,-84.41395759999999]},"Southwestern University":{"rank":65,"cost":35240,"size":1394,"rate":60.5,"location":[30.6368922,-97.664306]},